<?xml version="1.0" encoding="UTF-8"?>
<beans xmlns="http://www.springframework.org/schema/beans"
	xmlns:xsi="http://www.w3.org/2001/XMLSchema-instance"
	xmlns:context="http://www.springframework.org/schema/context"
	xmlns:mvc="http://www.springframework.org/schema/mvc"
	xsi:schemaLocation="http://www.springframework.org/schema/mvc http://www.springframework.org/schema/mvc/spring-mvc-3.0.xsd
		http://www.springframework.org/schema/beans http://www.springframework.org/schema/beans/spring-beans-3.1.xsd
		http://www.springframework.org/schema/context http://www.springframework.org/schema/context/spring-context-3.1.xsd">

<context:component-scan base-package="org.capgemini"/>
<mvc:annotation-driven/>
<context:annotation-config/>

<bean id="userDetails" class="org.capgemini.pojo.UserDetails"/>

<bean id="viewResolver" class="org.springframework.web.servlet.view.InternalResourceViewResolver">
<property name="viewClass" value="org.springframework.web.servlet.view.JstlView"/>
<property name="prefix" value="/WEB-INF/pages/"/>
<property name="suffix" value=".jsp"/>
</bean>


<bean id="contentManager"
                class="org.springframework.web.accept.ContentNegotiationManagerFactoryBean">
                <property name="favorPathExtension" value="true"/>
                <property name="ignoreAcceptHeader" value="true" />
                <property name="defaultContentType" value="text/html" />
                <property name="useJaf" value="false"/>
                <property name="mediaTypes">
	                <map>
	                    <entry key="html" value="text/html" />
	                    <entry key="json" value="application/json" />
	                    <entry key="xml" value="application/xml" />
	                </map>
                </property>
        </bean>
        
        <mvc:resources location="/js/" mapping="/js/**"/>

</beans>
