<?xml version="1.0" encoding="UTF-8"?>
<beans xmlns="http://www.springframework.org/schema/beans"
	xmlns:xsi="http://www.w3.org/2001/XMLSchema-instance"
	xmlns:context="http://www.springframework.org/schema/context"
	xmlns:mvc="http://www.springframework.org/schema/mvc"
	xmlns:p="http://www.springframework.org/schema/p"
	xsi:schemaLocation="http://www.springframework.org/schema/beans http://www.springframework.org/schema/beans/spring-beans-3.1.xsd
		http://www.springframework.org/schema/context http://www.springframework.org/schema/context/spring-context-3.1.xsd
		http://www.springframework.org/schema/mvc http://www.springframework.org/schema/mvc/spring-mvc-3.0.xsd">




<context:component-scan base-package="org.capstore"/>
<mvc:annotation-driven/>
<bean id="viewResolver" class="org.springframework.web.servlet.view.InternalResourceViewResolver"
	p:viewClass="org.springframework.web.servlet.view.JstlView"
	p:prefix="/WEB-INF/pages/"
	p:suffix=".jsp"/>
	
	
<bean id="service" class="org.capstore.service.impl.CustomerServiceImpl"/>
<bean id="dao" class="org.capstore.dao.impl.CustomerDaoImpl"/>


<mvc:resources location="/images/" mapping="/images/**"/>	
<mvc:resources location="/css/" mapping="/css/**"/>	
<mvc:resources location="/js/" mapping="/js/**"/>
<mvc:resources location="/fonts/" mapping="/fonts/**"/>	

</beans>
